,ACC_Before,ACC_After,Loss_Before,Loss_After
0,0.5,0.9166666865348816,0.6960794925689697,0.4010879397392273
1,0.5,0.9583333134651184,0.6956007480621338,0.38775113224983215
2,0.625,0.875,0.6907758116722107,0.3505095839500427
3,0.5,0.8333333134651184,0.6930062770843506,0.3989200294017792
4,0.5,0.8333333134651184,0.6988518834114075,0.39131009578704834
5,0.4166666567325592,0.875,0.6958296895027161,0.4013150930404663
6,0.5,0.9166666865348816,0.6927168965339661,0.3964962959289551
7,0.5,0.875,0.6936969757080078,0.3983652889728546
8,0.625,0.8333333134651184,0.6901445388793945,0.3871161639690399
9,0.5,0.7916666865348816,0.6950927972793579,0.4153647720813751
10,0.4583333432674408,0.9166666865348816,0.6961932182312012,0.41633298993110657
11,0.4583333432674408,0.875,0.6931690573692322,0.3811403512954712
12,0.5,0.7916666865348816,0.6999804973602295,0.39899322390556335
13,0.5,0.875,0.6932640671730042,0.4175225794315338
14,0.5,0.875,0.6903422474861145,0.3621359169483185
15,0.4166666567325592,0.8333333134651184,0.6983567476272583,0.39518222212791443
16,0.5,0.8333333134651184,0.6919219493865967,0.4100794792175293
17,0.5,0.8333333134651184,0.6931535601615906,0.38310229778289795
18,0.5,0.8333333134651184,0.6963438391685486,0.3845691382884979
19,0.375,0.9166666865348816,0.6923103332519531,0.37834495306015015
20,0.4583333432674408,0.7916666865348816,0.6985065937042236,0.41750970482826233
21,0.5,0.7916666865348816,0.6945068836212158,0.3725602924823761
22,0.5,0.8333333134651184,0.6959707736968994,0.39794695377349854
23,0.5416666865348816,0.875,0.6917212605476379,0.3810926079750061
24,0.5,0.875,0.6969306468963623,0.38130274415016174
25,0.5,0.875,0.693276047706604,0.3873533010482788
26,0.5833333134651184,0.875,0.6920140385627747,0.36261919140815735
27,0.5,0.7916666865348816,0.695328950881958,0.4168093800544739
28,0.5416666865348816,0.875,0.6925356388092041,0.385475754737854
29,0.4583333432674408,0.875,0.6914377808570862,0.3881641924381256
30,0.5,0.875,0.6951606869697571,0.358681321144104
31,0.5,0.9583333134651184,0.6955510377883911,0.3815337121486664
32,0.5,0.9166666865348816,0.6952544450759888,0.40078455209732056
33,0.5,0.875,0.6977856755256653,0.4017128348350525
34,0.5416666865348816,0.875,0.6948939561843872,0.39877989888191223
35,0.5,0.9166666865348816,0.6962018013000488,0.3769744336605072
36,0.5833333134651184,0.875,0.6906851530075073,0.3716881573200226
37,0.5416666865348816,0.875,0.702090322971344,0.3860666751861572
38,0.5,0.875,0.6940760612487793,0.37824690341949463
39,0.5,0.8333333134651184,0.6962183117866516,0.3858095109462738
40,0.5,0.9583333134651184,0.6961154341697693,0.41328921914100647
41,0.5,0.875,0.695293128490448,0.4126473665237427
42,0.5833333134651184,0.875,0.6881886124610901,0.3611069917678833
43,0.5,0.8333333134651184,0.6968711614608765,0.42128148674964905
44,0.5416666865348816,0.9583333134651184,0.6951218247413635,0.3970198333263397
45,0.5,0.875,0.6949231028556824,0.38549187779426575
46,0.5833333134651184,0.8333333134651184,0.6911225914955139,0.38877084851264954
47,0.4166666567325592,0.875,0.6934381127357483,0.39269039034843445
48,0.5416666865348816,0.75,0.6913109421730042,0.38665565848350525
49,0.5,0.875,0.6950699687004089,0.3689624071121216
50,0.5,0.9166666865348816,0.6950053572654724,0.38709914684295654
51,0.5416666865348816,0.875,0.6948235630989075,0.392419695854187
52,0.5,0.8333333134651184,0.6944082975387573,0.3886791467666626
53,0.5,0.875,0.6986918449401855,0.3714387118816376
54,0.5,0.875,0.6933659911155701,0.37594959139823914
55,0.4583333432674408,0.875,0.6932272911071777,0.36969947814941406
56,0.5,0.8333333134651184,0.6943495273590088,0.38516363501548767
57,0.5,0.875,0.6952787041664124,0.4170581102371216
58,0.5,0.9166666865348816,0.6965821981430054,0.39304471015930176
59,0.5,0.7916666865348816,0.6933907866477966,0.41522252559661865
60,0.5833333134651184,0.8333333134651184,0.6883674263954163,0.38351330161094666
61,0.5,0.875,0.6927974820137024,0.39940327405929565
62,0.5,0.875,0.6938779354095459,0.4125795364379883
63,0.5,1.0,0.6986633539199829,0.3626391291618347
64,0.5,0.875,0.6932401061058044,0.3719945549964905
65,0.5833333134651184,0.8333333134651184,0.6969506740570068,0.3801354765892029
66,0.5,0.8333333134651184,0.6964480876922607,0.4081624448299408
67,0.5,0.9166666865348816,0.6999509334564209,0.3874550759792328
68,0.375,0.75,0.6981897950172424,0.40278181433677673
69,0.5,0.8333333134651184,0.6944872140884399,0.4129292368888855
70,0.4583333432674408,0.8333333134651184,0.6960785388946533,0.3649561107158661
71,0.5,0.9583333134651184,0.6905678510665894,0.4047485888004303
72,0.5,0.875,0.6934830546379089,0.40006202459335327
73,0.4166666567325592,0.875,0.6967284679412842,0.3768680989742279
74,0.5,0.8333333134651184,0.6958396434783936,0.4170370399951935
75,0.5,0.875,0.6955463886260986,0.37099432945251465
76,0.3333333432674408,0.75,0.6984508633613586,0.41509175300598145
77,0.5,0.8333333134651184,0.6991684436798096,0.36303290724754333
78,0.5,0.9166666865348816,0.6971101760864258,0.3916040360927582
79,0.5416666865348816,0.875,0.6953473687171936,0.37213781476020813
80,0.5,0.875,0.69473797082901,0.37519150972366333
81,0.5,1.0,0.7002382874488831,0.436729371547699
82,0.5416666865348816,0.875,0.690637469291687,0.39689362049102783
83,0.5,0.875,0.6913360953330994,0.37947550415992737
84,0.4583333432674408,0.9583333134651184,0.69537752866745,0.3733460307121277
85,0.5,0.875,0.6952261328697205,0.370974600315094
86,0.4166666567325592,0.875,0.6935806274414062,0.40492311120033264
87,0.4166666567325592,0.875,0.6936371922492981,0.38362762331962585
88,0.4166666567325592,0.8333333134651184,0.6975564956665039,0.383676141500473
89,0.5,0.875,0.6900917887687683,0.38066327571868896
90,0.4583333432674408,0.875,0.6927294135093689,0.43256330490112305
91,0.5,0.875,0.6938742399215698,0.39251428842544556
92,0.5,0.9166666865348816,0.6912673711776733,0.34799182415008545
93,0.5,0.9166666865348816,0.6960539221763611,0.3850756883621216
94,0.4583333432674408,1.0,0.6937393546104431,0.4211720824241638
95,0.5,0.875,0.6957226991653442,0.37481990456581116
96,0.4583333432674408,0.875,0.6988992691040039,0.392020046710968
97,0.5,0.8333333134651184,0.6985424757003784,0.372302383184433
98,0.4166666567325592,0.875,0.6962808966636658,0.4042934775352478
99,0.5833333134651184,0.875,0.6886684894561768,0.35421496629714966
100,0.5,0.9166666865348816,0.6956810355186462,0.3723296523094177
101,0.5,0.7916666865348816,0.6921790242195129,0.3910866379737854
102,0.4583333432674408,0.875,0.6935160160064697,0.397877037525177
103,0.4166666567325592,0.875,0.6990292072296143,0.39244645833969116
104,0.5,0.9166666865348816,0.6948916912078857,0.41356325149536133
105,0.5416666865348816,0.7916666865348816,0.6890031695365906,0.3850318193435669
106,0.5,0.9583333134651184,0.6970118284225464,0.38439396023750305
107,0.5,0.7916666865348816,0.6951586604118347,0.3939904570579529
108,0.5,0.875,0.694976806640625,0.3703977167606354
109,0.5,0.9166666865348816,0.689537525177002,0.36081233620643616
110,0.5,0.875,0.6919794082641602,0.3763521909713745
111,0.5,0.875,0.7014374732971191,0.3823791742324829
112,0.5,0.9583333134651184,0.6937383413314819,0.3848942220211029
113,0.5,0.8333333134651184,0.6994762420654297,0.37495529651641846
114,0.5833333134651184,0.875,0.6912832260131836,0.3956723213195801
115,0.5416666865348816,0.8333333134651184,0.6911733746528625,0.39881545305252075
116,0.5416666865348816,0.875,0.6960818767547607,0.399818480014801
117,0.5,0.9166666865348816,0.6935224533081055,0.3580690324306488
118,0.5,0.875,0.6975500583648682,0.36578500270843506
119,0.4583333432674408,0.9166666865348816,0.6942075490951538,0.3886893093585968
120,0.5,0.9583333134651184,0.7016609311103821,0.3600223958492279
121,0.5,0.875,0.6865148544311523,0.4097409248352051
122,0.5,1.0,0.6982936859130859,0.410635381937027
123,0.5,0.875,0.6922087073326111,0.40419089794158936
124,0.4583333432674408,0.9166666865348816,0.6988975405693054,0.38706958293914795
125,0.5833333134651184,0.875,0.696458101272583,0.3781014382839203
126,0.5416666865348816,0.875,0.690975546836853,0.35297560691833496
127,0.5,0.875,0.6970927715301514,0.3792380094528198
128,0.5,0.875,0.6920740604400635,0.3863908052444458
129,0.5,0.9166666865348816,0.6967173218727112,0.38276493549346924
130,0.5416666865348816,0.875,0.6956103444099426,0.3848877251148224
131,0.5,0.875,0.7001250982284546,0.3739610016345978
132,0.5,0.875,0.6915550231933594,0.3609490990638733
133,0.5,0.75,0.698533296585083,0.4113166034221649
134,0.5,0.7916666865348816,0.6969718933105469,0.41619575023651123
135,0.5,0.875,0.6943906545639038,0.34980547428131104
136,0.5,0.875,0.6895928978919983,0.3823641240596771
137,0.5,0.8333333134651184,0.7034309506416321,0.39259129762649536
138,0.5833333134651184,0.8333333134651184,0.6878292560577393,0.3930877447128296
139,0.4583333432674408,0.875,0.6952268481254578,0.3992331027984619
140,0.625,0.9166666865348816,0.6942974925041199,0.4197600483894348
141,0.5,0.8333333134651184,0.6970394253730774,0.383760929107666
142,0.5,0.875,0.6940717697143555,0.38486921787261963
143,0.5,0.9166666865348816,0.6887544989585876,0.3611210286617279
144,0.5,0.875,0.6925315856933594,0.36189475655555725
145,0.5,0.9166666865348816,0.6927258372306824,0.3973291218280792
146,0.5416666865348816,0.875,0.6971399188041687,0.3792791962623596
147,0.5416666865348816,0.9166666865348816,0.6971726417541504,0.4009571075439453
148,0.5,0.875,0.6987962126731873,0.3807915151119232
149,0.5,0.8333333134651184,0.6944698691368103,0.39989760518074036
150,0.5,0.8333333134651184,0.693393886089325,0.4117076098918915
151,0.5,0.8333333134651184,0.6977723836898804,0.36345919966697693
152,0.5,0.8333333134651184,0.6902688145637512,0.3707360029220581
153,0.5,0.8333333134651184,0.6920649409294128,0.3815704584121704
154,0.4583333432674408,0.9166666865348816,0.698692798614502,0.37945079803466797
155,0.5,0.875,0.6948114633560181,0.36180317401885986
156,0.5,0.875,0.6976495385169983,0.3921339809894562
157,0.5833333134651184,0.9166666865348816,0.6894686222076416,0.39119458198547363
158,0.5,0.875,0.6917193531990051,0.4039666950702667
159,0.5833333134651184,0.9166666865348816,0.6947687864303589,0.3943557143211365
160,0.5,0.8333333134651184,0.693901002407074,0.40947845578193665
161,0.4583333432674408,0.875,0.6956585645675659,0.39299342036247253
162,0.5,0.875,0.6960585713386536,0.3832096457481384
163,0.5,0.875,0.69514399766922,0.3803161084651947
164,0.5,0.9166666865348816,0.6953680515289307,0.3800342381000519
165,0.5,0.9166666865348816,0.6939239501953125,0.37159526348114014
166,0.5,0.875,0.6946113705635071,0.3963348865509033
167,0.5,0.875,0.6934986114501953,0.3822930157184601
168,0.5,0.7916666865348816,0.6940255165100098,0.37800168991088867
169,0.5,0.9166666865348816,0.69569331407547,0.40143147110939026
170,0.625,0.875,0.6897642016410828,0.3657214343547821
171,0.4583333432674408,0.8333333134651184,0.6959874033927917,0.39842426776885986
172,0.5833333134651184,0.9166666865348816,0.6919357776641846,0.37479960918426514
173,0.5416666865348816,0.875,0.6941857933998108,0.3929196894168854
174,0.4166666567325592,0.875,0.7003072500228882,0.40741682052612305
175,0.5,0.875,0.6937072277069092,0.3826791048049927
176,0.5,0.8333333134651184,0.6925855278968811,0.39029109477996826
177,0.5,0.7916666865348816,0.6906884908676147,0.3983173668384552
178,0.5,0.8333333134651184,0.6929075717926025,0.38141801953315735
179,0.5,0.875,0.6947929859161377,0.3778872787952423
180,0.5833333134651184,0.875,0.6983947157859802,0.40393924713134766
181,0.5,0.875,0.6975235342979431,0.3916851282119751
182,0.3333333432674408,0.875,0.6982549428939819,0.3998624384403229
183,0.5,0.875,0.6907131671905518,0.39402490854263306
184,0.5,0.875,0.6929814219474792,0.367523729801178
185,0.5416666865348816,0.875,0.6915291547775269,0.3856857120990753
186,0.5416666865348816,0.8333333134651184,0.690866231918335,0.38366544246673584
187,0.4583333432674408,0.8333333134651184,0.698608934879303,0.4018692076206207
188,0.5,0.875,0.6919158697128296,0.41082996129989624
189,0.5,0.8333333134651184,0.6977881193161011,0.40141358971595764
190,0.5,0.7916666865348816,0.6964560747146606,0.4107922315597534
191,0.5,0.8333333134651184,0.6990578770637512,0.390047550201416
192,0.4166666567325592,0.875,0.6951717734336853,0.40689659118652344
193,0.5,0.8333333134651184,0.692958414554596,0.35240060091018677
194,0.5833333134651184,0.8333333134651184,0.6936407685279846,0.38569375872612
195,0.5833333134651184,0.875,0.6937441825866699,0.4197941720485687
196,0.5,0.7916666865348816,0.6965693235397339,0.38654837012290955
197,0.5,0.875,0.6905152797698975,0.3511488437652588
198,0.5,0.8333333134651184,0.7046264410018921,0.3912658989429474
199,0.5,0.875,0.6922957301139832,0.38100120425224304
200,0.5833333134651184,0.875,0.6924107670783997,0.38289642333984375
201,0.5,0.875,0.693386971950531,0.36671555042266846
202,0.5,0.875,0.695327877998352,0.37294238805770874
203,0.5,0.875,0.6902000904083252,0.3410372734069824
204,0.5,0.9166666865348816,0.6942721605300903,0.3889371156692505
205,0.4166666567325592,0.8333333134651184,0.6955907344818115,0.38547542691230774
206,0.375,0.9166666865348816,0.6979123950004578,0.3894258737564087
207,0.5416666865348816,0.8333333134651184,0.6987171173095703,0.4043748378753662
208,0.5,0.875,0.6916800141334534,0.3771616220474243
209,0.5,0.8333333134651184,0.6961628794670105,0.3930845856666565
210,0.5416666865348816,0.875,0.6952417492866516,0.3644140064716339
211,0.375,0.9166666865348816,0.6928122043609619,0.38172101974487305
212,0.5,0.875,0.6949594616889954,0.3798181712627411
213,0.5,0.875,0.6935759782791138,0.38680535554885864
214,0.5,0.875,0.6951794028282166,0.38943639397621155
215,0.5,0.75,0.6950350403785706,0.39600399136543274
216,0.5,0.7916666865348816,0.6915258765220642,0.39408648014068604
217,0.5,0.8333333134651184,0.7027603983879089,0.3954526484012604
218,0.5,0.875,0.6931447982788086,0.38977736234664917
219,0.5,1.0,0.7009795904159546,0.3818717896938324
220,0.5,0.75,0.6949372887611389,0.40889784693717957
221,0.5,0.8333333134651184,0.6988310813903809,0.4093162715435028
222,0.5833333134651184,0.875,0.6926497220993042,0.3920634984970093
223,0.5,0.875,0.6925371289253235,0.3762003481388092
224,0.5,0.875,0.6925280690193176,0.34640592336654663
225,0.5,0.875,0.6940650343894958,0.36778995394706726
226,0.5833333134651184,0.875,0.6859464645385742,0.3603694438934326
227,0.5,0.875,0.697615385055542,0.38479936122894287
228,0.5416666865348816,0.7916666865348816,0.6922468543052673,0.37700051069259644
229,0.5416666865348816,0.875,0.6916037201881409,0.3826044797897339
230,0.5416666865348816,0.875,0.692345917224884,0.35954755544662476
231,0.5,0.875,0.6930214166641235,0.38387513160705566
232,0.5,0.8333333134651184,0.6957774758338928,0.4116921126842499
233,0.5,0.7916666865348816,0.704561173915863,0.3991914391517639
234,0.5416666865348816,0.9166666865348816,0.689478874206543,0.36705270409584045
235,0.5,0.8333333134651184,0.691499650478363,0.37502044439315796
236,0.5416666865348816,0.8333333134651184,0.6914507746696472,0.3825013339519501
237,0.5,0.9166666865348816,0.6982271671295166,0.3913555443286896
238,0.5833333134651184,0.875,0.6914318799972534,0.3792322278022766
239,0.5416666865348816,0.875,0.6939734816551208,0.38611602783203125
240,0.5,0.875,0.6935397386550903,0.3828579783439636
241,0.625,0.75,0.6925734281539917,0.39135995507240295
242,0.5416666865348816,0.9166666865348816,0.692175567150116,0.37733080983161926
243,0.5416666865348816,0.7916666865348816,0.6931586861610413,0.4302125871181488
244,0.5,0.8333333134651184,0.6928961277008057,0.3954423666000366
245,0.5416666865348816,0.875,0.6939032077789307,0.38429680466651917
246,0.4166666567325592,0.875,0.6970434784889221,0.3834262490272522
247,0.5,0.8333333134651184,0.7047439813613892,0.3849791884422302
248,0.5,0.875,0.69150710105896,0.3940221965312958
249,0.5,0.875,0.6976878643035889,0.3998739421367645
250,0.5416666865348816,0.9583333134651184,0.6922181248664856,0.34864896535873413
251,0.4583333432674408,0.8333333134651184,0.6966260671615601,0.3749202489852905
252,0.5,0.875,0.6929162740707397,0.39927929639816284
253,0.5,0.875,0.6969824433326721,0.4054243862628937
254,0.5,0.8333333134651184,0.6894824504852295,0.3759118616580963
255,0.5416666865348816,0.7916666865348816,0.6979455351829529,0.37821638584136963
256,0.4583333432674408,0.7916666865348816,0.6958906650543213,0.36860740184783936
257,0.5,0.875,0.6935569047927856,0.4113929569721222
258,0.5,0.875,0.6910743117332458,0.4112097918987274
259,0.4583333432674408,0.75,0.693658709526062,0.40275758504867554
260,0.5,0.8333333134651184,0.7002661228179932,0.39585235714912415
261,0.4583333432674408,0.9166666865348816,0.6950494050979614,0.36973240971565247
262,0.5,0.9166666865348816,0.6980323195457458,0.38275083899497986
263,0.5416666865348816,0.875,0.6923088431358337,0.39442533254623413
264,0.5,0.9166666865348816,0.6912491321563721,0.3900464177131653
265,0.5,0.7916666865348816,0.6950391530990601,0.4129907786846161
266,0.625,0.8333333134651184,0.6923044919967651,0.36300384998321533
267,0.5,0.875,0.692328691482544,0.36313575506210327
268,0.5,0.875,0.6940352320671082,0.3779909908771515
269,0.5,0.9166666865348816,0.6968705058097839,0.36856719851493835
270,0.5,0.875,0.6926060318946838,0.3861197531223297
271,0.4166666567325592,0.7916666865348816,0.6921157240867615,0.38491255044937134
272,0.5,0.875,0.7040985822677612,0.3866719901561737
273,0.5,0.875,0.6940682530403137,0.4012575149536133
274,0.5,0.8333333134651184,0.6921151876449585,0.3753001391887665
275,0.375,0.875,0.6951819658279419,0.358894944190979
276,0.4166666567325592,0.875,0.6954058408737183,0.38819190859794617
277,0.5416666865348816,0.875,0.6910107731819153,0.36552122235298157
278,0.4583333432674408,0.8333333134651184,0.6970844268798828,0.4120064079761505
279,0.5833333134651184,0.7916666865348816,0.690923273563385,0.40093904733657837
280,0.5,0.8333333134651184,0.6942309141159058,0.3891279399394989
281,0.5,0.8333333134651184,0.6897381544113159,0.36365368962287903
282,0.4583333432674408,0.875,0.6934642791748047,0.38795626163482666
283,0.5,0.9166666865348816,0.6884812712669373,0.3962187170982361
284,0.5,0.9166666865348816,0.6925437450408936,0.38386237621307373
285,0.5,0.8333333134651184,0.6885113716125488,0.35812729597091675
286,0.5,0.9166666865348816,0.6993997693061829,0.39225301146507263
287,0.4583333432674408,0.875,0.6984927654266357,0.37045514583587646
288,0.5,0.875,0.6911028623580933,0.3947451412677765
289,0.5,0.8333333134651184,0.6903472542762756,0.39101436734199524
290,0.5,0.8333333134651184,0.6973947882652283,0.3592848777770996
291,0.5416666865348816,0.9166666865348816,0.6945257186889648,0.388727605342865
292,0.5,0.875,0.6937224864959717,0.3747398257255554
293,0.625,0.9166666865348816,0.6939446926116943,0.37507957220077515
294,0.5,0.875,0.6917958855628967,0.37577641010284424
295,0.5416666865348816,0.875,0.6918485164642334,0.36270061135292053
296,0.5,0.875,0.6913542747497559,0.3792456388473511
297,0.5,0.9166666865348816,0.6950097680091858,0.4145376980304718
298,0.5416666865348816,0.8333333134651184,0.6925855278968811,0.3844592571258545
299,0.5833333134651184,0.8333333134651184,0.6910186409950256,0.36382216215133667
300,0.5,0.8333333134651184,0.6962950229644775,0.4082554876804352
301,0.5416666865348816,0.875,0.6943778395652771,0.3710351288318634
302,0.4583333432674408,0.9166666865348816,0.6935762763023376,0.36980581283569336
303,0.5,0.7916666865348816,0.6970754265785217,0.3754585385322571
304,0.5,0.8333333134651184,0.6933352947235107,0.38434475660324097
305,0.5,0.8333333134651184,0.6930968761444092,0.3850347399711609
306,0.5416666865348816,0.8333333134651184,0.6982830166816711,0.37174880504608154
307,0.4583333432674408,0.875,0.6947963237762451,0.3616076111793518
308,0.6666666865348816,0.9166666865348816,0.6868999004364014,0.38941559195518494
309,0.5,0.9583333134651184,0.6959969997406006,0.38864782452583313
310,0.5,0.7916666865348816,0.6929314136505127,0.4078174829483032
311,0.5,0.8333333134651184,0.6931750774383545,0.37757784128189087
312,0.5,0.875,0.6933033466339111,0.3825359046459198
313,0.5,0.875,0.6953629851341248,0.3466903269290924
314,0.4583333432674408,0.7916666865348816,0.6950154900550842,0.38043326139450073
315,0.5,0.875,0.6932210922241211,0.3926638066768646
316,0.5,0.875,0.6963908672332764,0.4256213903427124
317,0.5,0.8333333134651184,0.6945877075195312,0.3918823003768921
318,0.5,0.8333333134651184,0.6946727633476257,0.40838608145713806
319,0.5416666865348816,0.875,0.6933951377868652,0.3912909924983978
320,0.5416666865348816,0.875,0.6955342292785645,0.4015878140926361
321,0.5416666865348816,0.8333333134651184,0.6938014030456543,0.35604164004325867
322,0.4583333432674408,0.8333333134651184,0.6934652924537659,0.3712533116340637
323,0.5,0.8333333134651184,0.697484016418457,0.39298513531684875
324,0.5416666865348816,0.7916666865348816,0.6929678320884705,0.3907659351825714
325,0.5,0.875,0.6967319846153259,0.40135592222213745
326,0.5,0.8333333134651184,0.6908897757530212,0.38692766427993774
327,0.5,0.875,0.6950687766075134,0.3954735994338989
328,0.5,0.8333333134651184,0.6906846761703491,0.37714365124702454
329,0.5416666865348816,0.9166666865348816,0.6998205780982971,0.39257538318634033
330,0.5,0.875,0.6949779391288757,0.40979644656181335
331,0.5,0.875,0.6964513659477234,0.3836148679256439
332,0.5,0.9166666865348816,0.6946684718132019,0.3595404624938965
333,0.5,0.9166666865348816,0.6984031200408936,0.39037567377090454
334,0.5,0.9166666865348816,0.6970024704933167,0.3816639184951782
335,0.4583333432674408,0.8333333134651184,0.6946761608123779,0.3833281397819519
336,0.5,0.9166666865348816,0.6922301054000854,0.35411161184310913
337,0.375,0.8333333134651184,0.6951168179512024,0.3821958899497986
338,0.5416666865348816,0.7916666865348816,0.6936434507369995,0.40171295404434204
339,0.5,0.875,0.6988621950149536,0.38858187198638916
340,0.5,0.8333333134651184,0.6944475769996643,0.38064929842948914
341,0.5833333134651184,0.875,0.6920159459114075,0.35746461153030396
342,0.5,0.8333333134651184,0.694536030292511,0.3708386719226837
343,0.4166666567325592,0.8333333134651184,0.6987674236297607,0.38280194997787476
344,0.4166666567325592,0.8333333134651184,0.694098711013794,0.3830414414405823
345,0.4166666567325592,0.875,0.6970202326774597,0.3962858021259308
346,0.5416666865348816,0.7916666865348816,0.6953681111335754,0.4108826220035553
347,0.5,0.8333333134651184,0.6939628720283508,0.38378432393074036
348,0.4583333432674408,0.8333333134651184,0.6953924298286438,0.3590206503868103
349,0.5,0.875,0.6961143016815186,0.40320906043052673
350,0.5416666865348816,0.875,0.7001460790634155,0.3886815905570984
351,0.5,0.7916666865348816,0.6978724002838135,0.37925246357917786
352,0.5833333134651184,0.875,0.6884853839874268,0.3839629590511322
353,0.4583333432674408,0.875,0.6976714134216309,0.3479994833469391
354,0.5416666865348816,0.8333333134651184,0.695907473564148,0.37732669711112976
355,0.4583333432674408,0.7916666865348816,0.693564236164093,0.3881123960018158
356,0.5,0.7916666865348816,0.6945466995239258,0.39224737882614136
357,0.5,0.875,0.6933276653289795,0.41192948818206787
358,0.5,0.8333333134651184,0.6911942958831787,0.39958831667900085
359,0.5,0.7916666865348816,0.6935170888900757,0.40627792477607727
360,0.5,0.8333333134651184,0.6976821422576904,0.3682079315185547
361,0.5,0.875,0.6892693042755127,0.397213876247406
362,0.5,0.875,0.6980056762695312,0.40033721923828125
363,0.5833333134651184,0.875,0.6967251896858215,0.40247541666030884
364,0.5,0.8333333134651184,0.6904693841934204,0.37588170170783997
365,0.5416666865348816,0.875,0.6932142972946167,0.38342687487602234
366,0.4583333432674408,0.875,0.6943988800048828,0.363639771938324
367,0.5833333134651184,0.7916666865348816,0.6940590739250183,0.394454687833786
368,0.5,0.8333333134651184,0.6981924772262573,0.4138834476470947
369,0.5,0.875,0.6934058666229248,0.3707323372364044
370,0.4583333432674408,0.875,0.6978316307067871,0.3796108663082123
371,0.6666666865348816,0.875,0.6891696453094482,0.36407625675201416
372,0.4583333432674408,0.9166666865348816,0.6944238543510437,0.38924074172973633
373,0.4583333432674408,0.8333333134651184,0.6933462619781494,0.3845899999141693
374,0.5416666865348816,0.9166666865348816,0.6905787587165833,0.37548956274986267
375,0.4166666567325592,0.875,0.6955105662345886,0.3694504499435425
376,0.5833333134651184,0.875,0.7012269496917725,0.3532712161540985
377,0.4583333432674408,0.875,0.6902292966842651,0.40942320227622986
378,0.4166666567325592,0.8333333134651184,0.6939488649368286,0.3581734299659729
379,0.5,0.875,0.694004476070404,0.3742985129356384
380,0.5,0.875,0.6967343091964722,0.39492499828338623
381,0.5,0.875,0.6986916065216064,0.3921481668949127
382,0.4166666567325592,0.875,0.6962088346481323,0.3866793215274811
383,0.5,0.875,0.6945159435272217,0.4008566439151764
384,0.4583333432674408,0.875,0.6979930400848389,0.39040812849998474
385,0.5833333134651184,0.7916666865348816,0.6926539540290833,0.40699446201324463
386,0.5,0.8333333134651184,0.6994912028312683,0.35810014605522156
387,0.5,0.875,0.6922559142112732,0.39341437816619873
388,0.5,0.875,0.6927885413169861,0.40832096338272095
389,0.5,0.8333333134651184,0.6998282074928284,0.39602187275886536
390,0.5416666865348816,0.9166666865348816,0.690253496170044,0.396994948387146
391,0.5416666865348816,0.9166666865348816,0.6968644261360168,0.39018455147743225
392,0.5,0.875,0.6949417591094971,0.3847009241580963
393,0.5,0.875,0.6969407200813293,0.3853374123573303
394,0.5,0.9583333134651184,0.7015219330787659,0.4028729796409607
395,0.5,0.9583333134651184,0.6945039629936218,0.3975863456726074
396,0.5,0.8333333134651184,0.6963601112365723,0.40966400504112244
397,0.5,0.875,0.6982207298278809,0.3712226152420044
398,0.5,0.875,0.6937389373779297,0.4026978611946106
399,0.5,0.875,0.6940922141075134,0.39174503087997437
400,0.375,0.875,0.6983583569526672,0.4085520803928375
401,0.5,0.9166666865348816,0.7000757455825806,0.3847154974937439
402,0.5416666865348816,0.875,0.6949165463447571,0.3941516876220703
403,0.5416666865348816,0.8333333134651184,0.6890242695808411,0.37989068031311035
404,0.5,0.875,0.6917760372161865,0.3792168200016022
405,0.4583333432674408,0.7916666865348816,0.6939915418624878,0.3916856348514557
406,0.625,0.875,0.6893404722213745,0.3780635595321655
407,0.5,0.875,0.6949031352996826,0.36176103353500366
408,0.3333333432674408,0.8333333134651184,0.6997783780097961,0.4205447733402252
409,0.5416666865348816,0.8333333134651184,0.691533088684082,0.37835991382598877
410,0.5,0.9166666865348816,0.6923549771308899,0.39778512716293335
411,0.5416666865348816,0.9166666865348816,0.691455066204071,0.3753657341003418
412,0.5,0.8333333134651184,0.6976944804191589,0.3947693705558777
413,0.5,0.8333333134651184,0.6907270550727844,0.39020177721977234
414,0.5416666865348816,0.7916666865348816,0.6937276124954224,0.38840416073799133
415,0.5416666865348816,0.8333333134651184,0.6925241947174072,0.4077044725418091
416,0.5416666865348816,0.875,0.6940205693244934,0.37522247433662415
417,0.5,0.8333333134651184,0.6938310265541077,0.3942401707172394
418,0.5,0.875,0.6952114701271057,0.398918479681015
419,0.5833333134651184,0.875,0.6939471960067749,0.3623366355895996
420,0.5,0.875,0.6961017847061157,0.3757859468460083
421,0.5,0.875,0.6885653734207153,0.3806307911872864
422,0.5,0.8333333134651184,0.6893075108528137,0.38065963983535767
423,0.4583333432674408,0.75,0.6979171633720398,0.4091583788394928
424,0.4166666567325592,0.8333333134651184,0.697012722492218,0.37467852234840393
425,0.5,0.875,0.6939257383346558,0.35968029499053955
426,0.4583333432674408,0.8333333134651184,0.6945013403892517,0.38463011384010315
427,0.5416666865348816,0.875,0.6946055293083191,0.40240660309791565
428,0.5,0.875,0.6926074028015137,0.3813365399837494
429,0.5,0.875,0.6992833614349365,0.3866022527217865
430,0.5,0.875,0.6977136135101318,0.376752644777298
431,0.5,0.875,0.6942617297172546,0.39874187111854553
432,0.5,0.875,0.6924116611480713,0.4053688049316406
433,0.5,0.8333333134651184,0.691338300704956,0.3961651027202606
434,0.5,0.9166666865348816,0.6927988529205322,0.3718565106391907
435,0.5,0.875,0.6930423378944397,0.39657559990882874
436,0.4583333432674408,0.875,0.6950347423553467,0.3896733820438385
437,0.5,0.8333333134651184,0.6945627927780151,0.39140087366104126
438,0.5,0.875,0.6952989101409912,0.36239999532699585
439,0.5,1.0,0.6938095688819885,0.35089316964149475
440,0.5,0.8333333134651184,0.6968632936477661,0.4032439589500427
441,0.5833333134651184,0.7916666865348816,0.6921765208244324,0.3985627293586731
442,0.5,0.875,0.6944958567619324,0.386910617351532
443,0.5,0.9583333134651184,0.6946580410003662,0.3817957639694214
444,0.5,0.875,0.6933773159980774,0.35173770785331726
445,0.5,0.9166666865348816,0.694240152835846,0.3808411955833435
446,0.5,0.8333333134651184,0.6985406875610352,0.3811641037464142
447,0.5,0.875,0.6971852779388428,0.383371502161026
448,0.4166666567325592,0.7916666865348816,0.6956806778907776,0.38874611258506775
449,0.5,0.875,0.6944451332092285,0.3862394094467163
450,0.5,0.9166666865348816,0.6945310831069946,0.3722150921821594
451,0.5,0.9583333134651184,0.6897928714752197,0.41918978095054626
452,0.4166666567325592,0.8333333134651184,0.6947154998779297,0.38916918635368347
453,0.5833333134651184,0.875,0.6918196082115173,0.4027102589607239
454,0.5416666865348816,0.875,0.6946282386779785,0.3742617964744568
455,0.5,0.8333333134651184,0.6947504878044128,0.4044557809829712
456,0.5,0.8333333134651184,0.691662073135376,0.3798609972000122
457,0.5,0.875,0.6921505331993103,0.3677467703819275
458,0.5833333134651184,0.9166666865348816,0.690563976764679,0.39069056510925293
459,0.5,0.875,0.697593629360199,0.36064210534095764
460,0.5,0.875,0.6950550079345703,0.37703919410705566
461,0.4583333432674408,0.9166666865348816,0.6968190670013428,0.3684220612049103
462,0.4583333432674408,0.8333333134651184,0.6922146677970886,0.4000431299209595
463,0.5416666865348816,0.75,0.6969731450080872,0.3868923485279083
464,0.5,0.9166666865348816,0.6938086152076721,0.3823126256465912
465,0.5,0.875,0.6917511820793152,0.38002949953079224
466,0.4583333432674408,0.8333333134651184,0.6949952244758606,0.38954877853393555
467,0.5,0.875,0.6929177045822144,0.3812183141708374
468,0.375,0.8333333134651184,0.6970828175544739,0.4104377031326294
469,0.4166666567325592,0.8333333134651184,0.700477659702301,0.4087836742401123
470,0.4166666567325592,0.9166666865348816,0.6942410469055176,0.37850940227508545
471,0.5,0.7916666865348816,0.6982102990150452,0.4072321951389313
472,0.5,0.7916666865348816,0.6947062015533447,0.40643030405044556
473,0.5,0.7916666865348816,0.6928582191467285,0.3976423442363739
474,0.5416666865348816,0.8333333134651184,0.6951816082000732,0.36607640981674194
475,0.5416666865348816,0.875,0.697272777557373,0.39087817072868347
476,0.5,0.9166666865348816,0.693310022354126,0.38731977343559265
477,0.5416666865348816,0.875,0.6900777816772461,0.3873533606529236
478,0.5,0.875,0.6947885155677795,0.39260247349739075
479,0.5,0.8333333134651184,0.6935569047927856,0.3910458981990814
480,0.5,0.9166666865348816,0.694757878780365,0.3855297863483429
481,0.5833333134651184,1.0,0.6931159496307373,0.41590073704719543
482,0.5,0.9166666865348816,0.6939448118209839,0.38406938314437866
483,0.4583333432674408,0.8333333134651184,0.6991645097732544,0.3952031135559082
484,0.5,0.8333333134651184,0.6996409893035889,0.38819241523742676
485,0.375,0.7916666865348816,0.6954414248466492,0.38125574588775635
486,0.5416666865348816,0.8333333134651184,0.693035364151001,0.40098270773887634
487,0.4583333432674408,0.875,0.7022147178649902,0.4067930281162262
488,0.5,0.8333333134651184,0.700798749923706,0.39909589290618896
489,0.4583333432674408,0.9166666865348816,0.6938338875770569,0.4189489185810089
490,0.4166666567325592,0.9166666865348816,0.7015506029129028,0.38301271200180054
491,0.5,0.8333333134651184,0.6945524215698242,0.3684864938259125
492,0.4583333432674408,0.875,0.6952541470527649,0.3979133069515228
493,0.5,0.875,0.6963053941726685,0.3651377260684967
494,0.4166666567325592,0.8333333134651184,0.6926611661911011,0.39089685678482056
495,0.5833333134651184,0.875,0.6952490210533142,0.3671954870223999
496,0.5,0.8333333134651184,0.6943122744560242,0.3897303342819214
497,0.5,0.875,0.6930235624313354,0.37815773487091064
498,0.5416666865348816,0.875,0.6901823878288269,0.35152938961982727
499,0.5,0.875,0.6938979029655457,0.37605440616607666
500,0.5,0.8333333134651184,0.7031679153442383,0.38801437616348267
501,0.5,0.9166666865348816,0.6926285624504089,0.3816900849342346
502,0.4166666567325592,0.875,0.6954376697540283,0.36920595169067383
503,0.5,0.7916666865348816,0.6882866024971008,0.3867150843143463
504,0.5,0.9166666865348816,0.6913062334060669,0.3550874888896942
505,0.4583333432674408,0.875,0.7000490427017212,0.39012184739112854
506,0.5833333134651184,0.875,0.6947752833366394,0.3902878761291504
507,0.5,0.8333333134651184,0.6896810531616211,0.3820592164993286
508,0.5416666865348816,0.875,0.68996262550354,0.37588533759117126
509,0.5,0.7916666865348816,0.6950300931930542,0.3980710804462433
510,0.5,0.875,0.6955156922340393,0.3803786039352417
511,0.5416666865348816,0.7916666865348816,0.6949859261512756,0.4107322692871094
512,0.4166666567325592,0.8333333134651184,0.6987996101379395,0.3751407265663147
513,0.5,0.875,0.6954964995384216,0.37215927243232727
514,0.5416666865348816,0.875,0.6902858018875122,0.3739892244338989
515,0.5,0.875,0.6938384175300598,0.38139772415161133
516,0.4166666567325592,0.8333333134651184,0.6944770812988281,0.3740602731704712
517,0.5,0.8333333134651184,0.7036424875259399,0.3614661693572998
518,0.5,0.875,0.6938085556030273,0.37688755989074707
519,0.4166666567325592,0.8333333134651184,0.6945793032646179,0.3953918218612671
520,0.5,0.9583333134651184,0.6974183917045593,0.374953955411911
521,0.5416666865348816,0.8333333134651184,0.6936092972755432,0.3974436819553375
522,0.4583333432674408,0.75,0.6965686678886414,0.3979128897190094
523,0.375,0.875,0.6953290700912476,0.40863728523254395
524,0.5,0.875,0.6946897506713867,0.378654420375824
525,0.5416666865348816,0.8333333134651184,0.6908093094825745,0.3775041699409485
526,0.5,0.875,0.6913377642631531,0.37634530663490295
527,0.5,0.7916666865348816,0.6936513185501099,0.3962298035621643
528,0.4166666567325592,0.9166666865348816,0.6977527737617493,0.3994680941104889
529,0.5,0.875,0.6904296278953552,0.3753357231616974
530,0.5,0.875,0.6957941651344299,0.3745560646057129
531,0.4583333432674408,0.875,0.6942999362945557,0.38514670729637146
532,0.4166666567325592,0.875,0.6893559694290161,0.38173118233680725
533,0.5416666865348816,0.875,0.6898322105407715,0.37214353680610657
534,0.5,0.7916666865348816,0.6975050568580627,0.39615145325660706
535,0.4583333432674408,0.8333333134651184,0.6981945037841797,0.3798321485519409
536,0.4166666567325592,0.9166666865348816,0.694471001625061,0.3776856064796448
537,0.5416666865348816,0.875,0.6927757263183594,0.4139375686645508
538,0.5,0.9166666865348816,0.6927364468574524,0.3917161226272583
539,0.5,0.7916666865348816,0.6928993463516235,0.3879657983779907
540,0.5,0.8333333134651184,0.6949048042297363,0.3825703263282776
541,0.5,0.9583333134651184,0.6909478902816772,0.3737621307373047
542,0.5,0.875,0.694097638130188,0.3934324383735657
543,0.4166666567325592,0.8333333134651184,0.6969926953315735,0.3936716616153717
544,0.5,0.9583333134651184,0.6930549144744873,0.42334774136543274
545,0.5,0.6666666865348816,0.6945425271987915,0.4040541648864746
546,0.4583333432674408,0.8333333134651184,0.6917425990104675,0.3975907564163208
547,0.5,0.8333333134651184,0.6989209651947021,0.39498651027679443
548,0.5,0.875,0.6944209337234497,0.36416736245155334
549,0.5,0.8333333134651184,0.6944438815116882,0.37632009387016296
550,0.5,0.7916666865348816,0.6929327845573425,0.386992871761322
551,0.5,0.875,0.6921542882919312,0.40605178475379944
552,0.5,0.9166666865348816,0.6954903602600098,0.3773188591003418
553,0.5,0.9166666865348816,0.692755937576294,0.38402822613716125
554,0.5,0.9166666865348816,0.6940781474113464,0.407673180103302
555,0.5833333134651184,0.9166666865348816,0.6969603300094604,0.40859854221343994
556,0.5,0.7083333134651184,0.6926917433738708,0.4061565101146698
557,0.5416666865348816,0.8333333134651184,0.6937728524208069,0.4008030295372009
558,0.5833333134651184,0.875,0.6893156170845032,0.36715880036354065
559,0.5,0.9166666865348816,0.6894214153289795,0.3650272786617279
560,0.4583333432674408,0.875,0.6962018609046936,0.39542344212532043
561,0.5,0.9166666865348816,0.6897275447845459,0.38422632217407227
562,0.5,0.9166666865348816,0.6983855962753296,0.36523130536079407
563,0.5,0.9166666865348816,0.6964384317398071,0.38498401641845703
564,0.5,0.8333333134651184,0.6967847347259521,0.397565096616745
565,0.5,0.8333333134651184,0.6962907314300537,0.39405763149261475
566,0.5,0.7916666865348816,0.6951939463615417,0.41433149576187134
567,0.5,0.875,0.6950490474700928,0.3937029540538788
568,0.5,0.75,0.6960797905921936,0.40801066160202026
569,0.5416666865348816,0.875,0.6925073266029358,0.4175699055194855
570,0.4583333432674408,0.875,0.6985493898391724,0.37347936630249023
571,0.5,0.7916666865348816,0.6964330077171326,0.4045945405960083
572,0.5,0.875,0.6960940957069397,0.39376896619796753
573,0.4166666567325592,0.9583333134651184,0.6962889432907104,0.3614805340766907
574,0.5,0.8333333134651184,0.6932490468025208,0.3742647171020508
575,0.6666666865348816,0.875,0.6887272596359253,0.3946631848812103
576,0.5,0.875,0.6972200870513916,0.38523614406585693
577,0.5,0.9166666865348816,0.6944828629493713,0.39646583795547485
578,0.5,0.875,0.6917813420295715,0.39303314685821533
579,0.5,0.8333333134651184,0.6948213577270508,0.3633277714252472
580,0.5,0.8333333134651184,0.687677800655365,0.3902907371520996
581,0.4583333432674408,0.9166666865348816,0.6925166845321655,0.37183836102485657
582,0.5,0.8333333134651184,0.6899359822273254,0.36405372619628906
583,0.5,0.875,0.6971024870872498,0.38651737570762634
584,0.5,0.8333333134651184,0.6952884197235107,0.39577025175094604
585,0.5416666865348816,0.8333333134651184,0.69331955909729,0.37649038434028625
586,0.4583333432674408,0.875,0.695766270160675,0.38127025961875916
587,0.5,0.75,0.6945042610168457,0.4323159456253052
588,0.5,0.875,0.6930826902389526,0.3783102035522461
589,0.4583333432674408,0.875,0.6929551959037781,0.364217609167099
590,0.5,0.9166666865348816,0.6911025047302246,0.375815749168396
591,0.5,0.875,0.694196879863739,0.3857354521751404
592,0.5,0.9166666865348816,0.6926566362380981,0.36963772773742676
593,0.5,0.875,0.6955798864364624,0.39354100823402405
594,0.5,0.875,0.6935214400291443,0.3975156545639038
595,0.5,0.7916666865348816,0.6924893260002136,0.3746754825115204
596,0.5,0.9166666865348816,0.6900275349617004,0.3885491192340851
597,0.5,0.8333333134651184,0.6936677098274231,0.38854140043258667
598,0.5833333134651184,0.9166666865348816,0.695422887802124,0.38000476360321045
599,0.4583333432674408,0.9166666865348816,0.6972589492797852,0.3863462507724762
600,0.5416666865348816,0.9583333134651184,0.6914174556732178,0.34963539242744446
601,0.5,0.8333333134651184,0.6960314512252808,0.3818475008010864
602,0.4583333432674408,0.8333333134651184,0.6939260959625244,0.4046345353126526
603,0.5,0.9166666865348816,0.6984995603561401,0.3862219452857971
604,0.5,0.875,0.6944255828857422,0.3863932192325592
605,0.5,0.875,0.6905965805053711,0.36020326614379883
606,0.5416666865348816,0.9166666865348816,0.6938660144805908,0.392391562461853
607,0.5,0.75,0.6878483295440674,0.38478991389274597
608,0.5833333134651184,0.8333333134651184,0.6944660544395447,0.4037649631500244
609,0.4583333432674408,0.875,0.6917279958724976,0.3656465709209442
610,0.5,0.8333333134651184,0.6942122578620911,0.3881860077381134
611,0.5416666865348816,0.9166666865348816,0.6945743560791016,0.38728460669517517
612,0.4583333432674408,0.875,0.6955640316009521,0.38614949584007263
613,0.5416666865348816,0.875,0.6959511637687683,0.4062468111515045
614,0.4166666567325592,0.875,0.694380521774292,0.38014161586761475
615,0.5,0.875,0.6969175338745117,0.33988749980926514
616,0.4583333432674408,0.875,0.6940343976020813,0.39470377564430237
617,0.5,0.875,0.6926147937774658,0.3736305236816406
618,0.4583333432674408,0.75,0.6979653835296631,0.4114069640636444
619,0.5,0.875,0.6947805881500244,0.37642475962638855
620,0.5416666865348816,0.875,0.6920210719108582,0.37771889567375183
621,0.5,0.875,0.6916399002075195,0.38315629959106445
622,0.4583333432674408,0.875,0.6981805562973022,0.37313568592071533
623,0.5,0.875,0.6942545771598816,0.40748828649520874
624,0.5,0.875,0.6871687769889832,0.3968450725078583
625,0.4583333432674408,0.8333333134651184,0.6955582499504089,0.39284488558769226
626,0.5416666865348816,0.875,0.692225456237793,0.3705531656742096
627,0.5,0.8333333134651184,0.6961914300918579,0.39696741104125977
628,0.5416666865348816,0.875,0.6934342980384827,0.3807375729084015
629,0.4583333432674408,0.875,0.6936133503913879,0.4096420109272003
630,0.5833333134651184,0.875,0.6955268979072571,0.3975028097629547
631,0.5,0.8333333134651184,0.6940417289733887,0.37992575764656067
632,0.5,0.8333333134651184,0.6925565004348755,0.4280308783054352
633,0.5,0.75,0.6910862922668457,0.3608858287334442
634,0.5,0.9166666865348816,0.6973201632499695,0.38857099413871765
635,0.5,0.8333333134651184,0.693179726600647,0.40538257360458374
636,0.5,0.9166666865348816,0.6957753300666809,0.3663724958896637
637,0.5,0.875,0.6923427581787109,0.3920324742794037
638,0.4583333432674408,0.875,0.6932265758514404,0.3677862286567688
639,0.5,0.875,0.6923139095306396,0.4191230535507202
640,0.5416666865348816,0.8333333134651184,0.6965922713279724,0.3915441930294037
641,0.5,0.875,0.6967742443084717,0.4008534252643585
642,0.4583333432674408,0.875,0.6960134506225586,0.3824082911014557
643,0.5416666865348816,0.875,0.6936724781990051,0.3872393071651459
644,0.5416666865348816,0.875,0.6935957074165344,0.39734846353530884
645,0.5,0.875,0.6939272284507751,0.3870285451412201
646,0.5,0.875,0.694965660572052,0.3732624053955078
647,0.5,0.875,0.6926368474960327,0.3553427457809448
648,0.5,0.9166666865348816,0.6981167793273926,0.41747623682022095
649,0.5,0.875,0.6898051500320435,0.40217193961143494
650,0.5,0.9166666865348816,0.6961367130279541,0.4081835150718689
651,0.4166666567325592,0.875,0.6983983516693115,0.3945107161998749
652,0.5,0.9583333134651184,0.6998214721679688,0.38336241245269775
653,0.375,0.9583333134651184,0.6968508362770081,0.3911426365375519
654,0.4583333432674408,0.9166666865348816,0.6961818337440491,0.4144505262374878
655,0.5416666865348816,0.875,0.6906014680862427,0.37513187527656555
656,0.4583333432674408,0.875,0.6986838579177856,0.3651812672615051
657,0.5,0.9166666865348816,0.6934695839881897,0.39755716919898987
658,0.5416666865348816,0.875,0.6944308876991272,0.3763575553894043
659,0.4583333432674408,0.8333333134651184,0.6950648427009583,0.4009927809238434
660,0.5,0.875,0.6973413228988647,0.39947107434272766
661,0.5,0.9166666865348816,0.6956042051315308,0.39942666888237
662,0.5,0.9583333134651184,0.6971237659454346,0.38503018021583557
663,0.5,0.8333333134651184,0.7086225748062134,0.388855516910553
664,0.5,0.8333333134651184,0.6983840465545654,0.37421083450317383
665,0.5,0.9166666865348816,0.6991626024246216,0.38422510027885437
666,0.625,0.875,0.6928581595420837,0.39659401774406433
667,0.5,0.875,0.693312406539917,0.37414079904556274
668,0.5,0.8333333134651184,0.6912485957145691,0.386680543422699
669,0.5,0.8333333134651184,0.6987504363059998,0.3818148076534271
670,0.5416666865348816,0.8333333134651184,0.6937413811683655,0.3983124792575836
671,0.5,0.9166666865348816,0.6961590647697449,0.3802003860473633
672,0.5,0.875,0.695594072341919,0.3681184947490692
673,0.5,0.7916666865348816,0.6945584416389465,0.40293338894844055
674,0.5,0.9166666865348816,0.694983720779419,0.3865357041358948
675,0.5,0.875,0.6928580403327942,0.41395458579063416
676,0.5,0.875,0.6954993605613708,0.4004823863506317
677,0.5,0.9166666865348816,0.6946709156036377,0.3874571919441223
678,0.5,0.875,0.703423798084259,0.3874243497848511
679,0.6666666865348816,0.875,0.6904556751251221,0.3996597230434418
680,0.5833333134651184,0.7916666865348816,0.6943506598472595,0.38691556453704834
681,0.5,0.9166666865348816,0.688469648361206,0.3871496915817261
682,0.5416666865348816,0.9166666865348816,0.6913716197013855,0.38496196269989014
683,0.5,0.7916666865348816,0.6944316029548645,0.38658252358436584
684,0.5,0.875,0.693729817867279,0.3851172626018524
685,0.5,0.875,0.697044849395752,0.4092971384525299
686,0.5,0.9166666865348816,0.6922616362571716,0.39827483892440796
687,0.5,0.9166666865348816,0.6900395154953003,0.3722898066043854
688,0.4166666567325592,0.875,0.6982492208480835,0.40347424149513245
689,0.5833333134651184,0.875,0.6903623342514038,0.3807368576526642
690,0.5,0.875,0.6912046074867249,0.344849169254303
691,0.5416666865348816,0.8333333134651184,0.6919780373573303,0.39106082916259766
692,0.5,0.9166666865348816,0.6985466480255127,0.39987820386886597
693,0.4166666567325592,0.875,0.6945082545280457,0.37933415174484253
694,0.4166666567325592,0.8333333134651184,0.6928547620773315,0.37850242853164673
695,0.5833333134651184,0.8333333134651184,0.6859405040740967,0.3776308596134186
696,0.5,0.875,0.697163999080658,0.38605764508247375
697,0.5,0.8333333134651184,0.6978895664215088,0.39657318592071533
698,0.5,0.8333333134651184,0.6947872638702393,0.3952869772911072
699,0.5,0.9166666865348816,0.6982215046882629,0.41553789377212524
700,0.5,0.875,0.6924034953117371,0.373396635055542
701,0.4166666567325592,0.9583333134651184,0.6996716856956482,0.375108003616333
702,0.625,0.875,0.6902819871902466,0.35213515162467957
703,0.4583333432674408,0.8333333134651184,0.6953866481781006,0.3867638409137726
704,0.5,0.9583333134651184,0.696060061454773,0.3831319808959961
705,0.5416666865348816,0.9166666865348816,0.6948332190513611,0.39191198348999023
706,0.4583333432674408,0.8333333134651184,0.6935691237449646,0.40441644191741943
707,0.4583333432674408,0.8333333134651184,0.6907017230987549,0.3791900873184204
708,0.4583333432674408,0.875,0.6963842511177063,0.37563860416412354
709,0.5416666865348816,0.9166666865348816,0.6950070261955261,0.3817421793937683
710,0.5,0.875,0.6980872750282288,0.38365909457206726
711,0.5,0.875,0.692096471786499,0.39396435022354126
712,0.5,0.8333333134651184,0.6943373084068298,0.37140730023384094
713,0.5416666865348816,0.875,0.6946818828582764,0.36839959025382996
714,0.5,0.875,0.6910041570663452,0.35379233956336975
715,0.4583333432674408,0.8333333134651184,0.6965556740760803,0.3920523226261139
716,0.5,0.875,0.6953575015068054,0.3737175166606903
717,0.5,0.875,0.6997745633125305,0.4001663029193878
718,0.5,0.7916666865348816,0.6953352093696594,0.4006464183330536
719,0.5,0.7916666865348816,0.6987242698669434,0.3883548974990845
720,0.4583333432674408,0.8333333134651184,0.6930330991744995,0.39850732684135437
721,0.5416666865348816,0.875,0.6961252689361572,0.3920036554336548
722,0.4583333432674408,0.8333333134651184,0.6952025890350342,0.4178240895271301
723,0.4166666567325592,0.9166666865348816,0.6965439319610596,0.3532470762729645
724,0.4166666567325592,0.9166666865348816,0.693886935710907,0.3714486360549927
725,0.5,0.9166666865348816,0.6938647031784058,0.396531343460083
726,0.5,0.875,0.6936345100402832,0.4294435977935791
727,0.5,0.875,0.6948834657669067,0.3817267417907715
728,0.5,0.875,0.7001654505729675,0.4102936089038849
729,0.4583333432674408,0.8333333134651184,0.6952667236328125,0.3726217448711395
730,0.5,0.75,0.6963489055633545,0.42867326736450195
731,0.5,0.875,0.6970858573913574,0.4210416376590729
732,0.5,0.875,0.6920311450958252,0.39391762018203735
733,0.5,0.875,0.6909153461456299,0.41543108224868774
734,0.5,0.8333333134651184,0.6909098029136658,0.38159695267677307
735,0.4166666567325592,0.9166666865348816,0.6953356266021729,0.3591531813144684
736,0.5,0.9583333134651184,0.6950345635414124,0.3958575427532196
737,0.5833333134651184,0.875,0.6952851414680481,0.35243427753448486
738,0.4166666567325592,0.9166666865348816,0.6937816143035889,0.3816513419151306
739,0.5,0.7916666865348816,0.6968706846237183,0.4089137315750122
740,0.5,0.8333333134651184,0.6913996338844299,0.3774021863937378
741,0.5,0.8333333134651184,0.6919088959693909,0.399647980928421
742,0.5,0.875,0.6969496011734009,0.36314281821250916
743,0.5,0.9583333134651184,0.694598913192749,0.41441789269447327
744,0.5,0.9166666865348816,0.6899985074996948,0.38988807797431946
745,0.4166666567325592,0.875,0.6939051151275635,0.406328946352005
746,0.5,0.8333333134651184,0.6955816745758057,0.3911792039871216
747,0.5,0.875,0.6996933817863464,0.3670121431350708
748,0.5,0.875,0.6932423710823059,0.38062992691993713
749,0.625,0.875,0.6920758485794067,0.37553250789642334
750,0.5,0.9166666865348816,0.6928856372833252,0.3538631200790405
751,0.5,0.875,0.6952002644538879,0.41091811656951904
752,0.5,0.8333333134651184,0.6942613124847412,0.3862357437610626
753,0.4166666567325592,0.9166666865348816,0.6924096345901489,0.3890099823474884
754,0.5,0.875,0.6964385509490967,0.3907102048397064
755,0.4166666567325592,0.8333333134651184,0.6928155422210693,0.37393802404403687
756,0.5,0.9166666865348816,0.6942021250724792,0.3892280161380768
757,0.5,0.875,0.7007502317428589,0.3665446639060974
758,0.5,0.875,0.6966111660003662,0.3858603835105896
759,0.5833333134651184,0.8333333134651184,0.6940224766731262,0.4198732078075409
760,0.5,0.9166666865348816,0.6969271302223206,0.3643604516983032
761,0.3333333432674408,0.875,0.6942692399024963,0.3979830741882324
762,0.5,0.875,0.6965645551681519,0.41180527210235596
763,0.5,0.9166666865348816,0.6958596706390381,0.374930739402771
764,0.5,0.8333333134651184,0.69585120677948,0.40672624111175537
765,0.5416666865348816,0.9166666865348816,0.697519063949585,0.40017232298851013
766,0.4583333432674408,0.875,0.6953753232955933,0.3858236074447632
767,0.5,0.9166666865348816,0.7006236910820007,0.41208893060684204
768,0.3333333432674408,0.9583333134651184,0.6979997158050537,0.39906108379364014
769,0.4166666567325592,0.7916666865348816,0.6955949068069458,0.4227379560470581
770,0.5,0.8333333134651184,0.6943882703781128,0.37978729605674744
771,0.4166666567325592,0.875,0.6977917551994324,0.39362362027168274
772,0.4583333432674408,0.8333333134651184,0.6976134181022644,0.3945484161376953
773,0.5,0.9166666865348816,0.6961210370063782,0.36900508403778076
774,0.4583333432674408,0.8333333134651184,0.6948557496070862,0.36500492691993713
775,0.5,0.9583333134651184,0.6956478357315063,0.41933393478393555
776,0.5,0.875,0.6916223764419556,0.3911019563674927
777,0.5,0.7916666865348816,0.6955851912498474,0.3944650888442993
778,0.5833333134651184,0.875,0.690017819404602,0.379508912563324
779,0.5,0.875,0.6919505000114441,0.36269164085388184
780,0.5,0.875,0.6988458037376404,0.39751318097114563
781,0.4583333432674408,0.875,0.6965730786323547,0.3964271545410156
782,0.4583333432674408,0.875,0.6961266994476318,0.4046385884284973
783,0.5,0.875,0.6975916028022766,0.4069138765335083
784,0.4166666567325592,0.9166666865348816,0.6945375204086304,0.3747747242450714
785,0.4166666567325592,0.875,0.6970770955085754,0.38880035281181335
786,0.5,0.875,0.6912568211555481,0.38300618529319763
787,0.5833333134651184,0.875,0.6920715570449829,0.38711392879486084
788,0.4583333432674408,0.875,0.6959278583526611,0.40236225724220276
789,0.5,0.875,0.6917469501495361,0.36501801013946533
790,0.5,0.8333333134651184,0.6929306387901306,0.37382301688194275
791,0.375,0.75,0.7020076513290405,0.39815235137939453
792,0.5416666865348816,0.9166666865348816,0.6917574405670166,0.36621060967445374
793,0.5,0.875,0.6933447122573853,0.38565582036972046
794,0.5,0.9583333134651184,0.6993333101272583,0.4030950963497162
795,0.5833333134651184,0.8333333134651184,0.692723274230957,0.4168238639831543
796,0.5416666865348816,0.7916666865348816,0.6962726712226868,0.41150519251823425
797,0.4166666567325592,0.9583333134651184,0.6957355737686157,0.3750588595867157
798,0.5,0.875,0.6949116587638855,0.3903380036354065
799,0.5,0.8333333134651184,0.6948597431182861,0.4101349115371704
800,0.4583333432674408,0.75,0.6974581480026245,0.41614702343940735
801,0.5416666865348816,0.875,0.6908295154571533,0.3418063521385193
802,0.5,0.9166666865348816,0.6950161457061768,0.3750982880592346
803,0.5,0.875,0.6949302554130554,0.387724369764328
804,0.5,0.9166666865348816,0.6931595802307129,0.3821951150894165
805,0.5,0.9166666865348816,0.6944631338119507,0.36346104741096497
806,0.5,0.9166666865348816,0.6962191462516785,0.37727999687194824
807,0.5416666865348816,0.9166666865348816,0.6963899731636047,0.3884357213973999
808,0.4583333432674408,0.8333333134651184,0.6983199715614319,0.38539567589759827
809,0.375,0.8333333134651184,0.6941207051277161,0.3775588274002075
810,0.5,0.8333333134651184,0.6910874247550964,0.3894297778606415
811,0.5,0.9166666865348816,0.6936030387878418,0.34988105297088623
812,0.5,0.9166666865348816,0.7001661658287048,0.39694908261299133
813,0.5416666865348816,0.75,0.6925502419471741,0.3900805711746216
814,0.5416666865348816,0.875,0.6886616945266724,0.37184837460517883
815,0.5,0.875,0.6983885765075684,0.41937679052352905
816,0.5,0.8333333134651184,0.6971609592437744,0.38769277930259705
817,0.4583333432674408,0.875,0.6926394701004028,0.38190725445747375
818,0.5416666865348816,0.8333333134651184,0.692939043045044,0.40593311190605164
819,0.5,0.9583333134651184,0.7047258019447327,0.4067007303237915
820,0.4166666567325592,0.8333333134651184,0.6986761093139648,0.3867356479167938
821,0.5,0.9583333134651184,0.6952245235443115,0.3900994658470154
822,0.5416666865348816,0.8333333134651184,0.6918806433677673,0.371792197227478
823,0.5,0.8333333134651184,0.6944681406021118,0.4025643467903137
824,0.5,0.875,0.6914743185043335,0.3765556514263153
825,0.4583333432674408,0.8333333134651184,0.6963877081871033,0.42218077182769775
826,0.625,0.7916666865348816,0.6931464672088623,0.3875409662723541
827,0.5,0.875,0.6964062452316284,0.38073596358299255
828,0.5,0.875,0.6994427442550659,0.4038900136947632
829,0.5,0.875,0.6947302222251892,0.36884260177612305
830,0.5,0.9166666865348816,0.693373441696167,0.4017101526260376
831,0.4583333432674408,0.8333333134651184,0.698686957359314,0.39388424158096313
832,0.375,0.875,0.6990383267402649,0.3698212802410126
833,0.5,0.9166666865348816,0.6901586055755615,0.38690170645713806
834,0.5,0.875,0.6945915222167969,0.3776569366455078
835,0.5,0.9583333134651184,0.6955570578575134,0.4048011004924774
836,0.5,0.875,0.6982972025871277,0.37627506256103516
837,0.5416666865348816,0.875,0.6932511925697327,0.39335015416145325
838,0.5,0.875,0.6941134929656982,0.3798988163471222
839,0.5,0.875,0.6940588355064392,0.3967137932777405
840,0.4166666567325592,0.9166666865348816,0.6954690217971802,0.3804989457130432
841,0.4166666567325592,0.9166666865348816,0.6977081894874573,0.39248988032341003
842,0.5416666865348816,0.875,0.6931412816047668,0.34820374846458435
843,0.5,0.875,0.6978926658630371,0.365231990814209
844,0.5,0.875,0.7004011273384094,0.40128013491630554
845,0.5,0.875,0.6921610236167908,0.3803519606590271
846,0.5833333134651184,0.875,0.6903589367866516,0.36768484115600586
847,0.5,0.875,0.6901834011077881,0.3760828375816345
848,0.4166666567325592,0.8333333134651184,0.6940580606460571,0.36631646752357483
849,0.5,0.875,0.6925182938575745,0.39214906096458435
850,0.4583333432674408,0.8333333134651184,0.6912667751312256,0.3895343542098999
851,0.4166666567325592,0.8333333134651184,0.6944074630737305,0.40671998262405396
852,0.4166666567325592,0.875,0.6952697038650513,0.3782714009284973
853,0.5,0.875,0.6938371658325195,0.3758758306503296
854,0.5833333134651184,0.875,0.6888844966888428,0.3905363976955414
855,0.5,0.875,0.6928994059562683,0.36709392070770264
856,0.5,0.875,0.694137454032898,0.3870687484741211
857,0.4583333432674408,0.875,0.6935021877288818,0.39656299352645874
858,0.375,0.875,0.6970435380935669,0.36890503764152527
859,0.4583333432674408,0.875,0.7001187801361084,0.3914293646812439
860,0.5833333134651184,0.875,0.6947437524795532,0.38426774740219116
861,0.6666666865348816,0.7916666865348816,0.6896183490753174,0.3839314877986908
862,0.5,0.9166666865348816,0.6913633942604065,0.3722124993801117
863,0.4583333432674408,0.875,0.6964478492736816,0.37780123949050903
864,0.5833333134651184,0.875,0.6901127696037292,0.3843418061733246
865,0.5,0.8333333134651184,0.6953823566436768,0.4041478931903839
866,0.5,0.9166666865348816,0.6935051679611206,0.3665584623813629
867,0.5,0.8333333134651184,0.6952182650566101,0.38526493310928345
868,0.5,0.8333333134651184,0.6954509019851685,0.38687634468078613
869,0.5,0.9166666865348816,0.6947282552719116,0.3776220679283142
870,0.5,0.875,0.6914593577384949,0.3907758295536041
871,0.5,0.8333333134651184,0.6977419257164001,0.40861761569976807
872,0.4583333432674408,0.8333333134651184,0.6943532228469849,0.3662109971046448
873,0.5,0.875,0.6923897862434387,0.3670419454574585
874,0.5833333134651184,0.875,0.6915351748466492,0.3998425006866455
875,0.4583333432674408,0.8333333134651184,0.6935790777206421,0.3962283134460449
876,0.4583333432674408,0.875,0.6983460187911987,0.3910042941570282
877,0.5833333134651184,0.875,0.6899698376655579,0.3748423755168915
878,0.5,0.875,0.694620668888092,0.39215734601020813
879,0.5416666865348816,0.875,0.6913878917694092,0.37541162967681885
880,0.5,0.9166666865348816,0.6922794580459595,0.3805548846721649
881,0.4583333432674408,0.875,0.6971203684806824,0.36889028549194336
882,0.5,0.875,0.6940240859985352,0.36430126428604126
883,0.5,0.8333333134651184,0.7016828060150146,0.3939500153064728
884,0.5,0.875,0.6923813819885254,0.38377246260643005
885,0.5,0.875,0.6952214241027832,0.3929595351219177
886,0.5,0.875,0.6931379437446594,0.37859711050987244
887,0.5,1.0,0.6946030855178833,0.4146684408187866
888,0.5,0.9166666865348816,0.6974488496780396,0.35911691188812256
889,0.4583333432674408,0.875,0.6976273059844971,0.39569637179374695
890,0.375,0.875,0.6944846510887146,0.38708168268203735
891,0.5,0.875,0.6905890107154846,0.3856115937232971
892,0.3333333432674408,0.8333333134651184,0.6980921030044556,0.3994085490703583
893,0.4166666567325592,0.8333333134651184,0.7006590962409973,0.3844244182109833
894,0.4583333432674408,0.875,0.6990392804145813,0.39202889800071716
895,0.5,0.875,0.6950007677078247,0.3974679410457611
896,0.5,0.8333333134651184,0.6932711601257324,0.38428521156311035
897,0.4166666567325592,0.875,0.6947249174118042,0.3797854483127594
898,0.4166666567325592,0.9583333134651184,0.695958137512207,0.3916410207748413
899,0.5,0.875,0.693725049495697,0.3393297493457794
900,0.5,0.9166666865348816,0.6950139999389648,0.3899920880794525
901,0.6666666865348816,0.875,0.6899519562721252,0.3635563254356384
902,0.5,0.9166666865348816,0.6935343146324158,0.37675023078918457
903,0.5,0.875,0.6922686100006104,0.39656931161880493
904,0.4166666567325592,0.9583333134651184,0.6990193128585815,0.39775973558425903
905,0.4583333432674408,0.875,0.6955414414405823,0.3823760449886322
906,0.5,0.9166666865348816,0.6900250911712646,0.3949279189109802
907,0.5,0.875,0.6970536708831787,0.4017694890499115
908,0.5,0.875,0.6940680146217346,0.38372719287872314
909,0.5,0.875,0.6964483857154846,0.39026132225990295
910,0.5,0.7916666865348816,0.696435809135437,0.4085816442966461
911,0.5,0.8333333134651184,0.6919252872467041,0.3794189393520355
912,0.5,0.7916666865348816,0.6980364918708801,0.3917752206325531
913,0.4166666567325592,0.8333333134651184,0.6996515989303589,0.36374631524086
914,0.5,0.7916666865348816,0.6955779790878296,0.39493119716644287
915,0.5833333134651184,0.8333333134651184,0.6909738183021545,0.3808465600013733
916,0.625,0.8333333134651184,0.6927953958511353,0.3757465183734894
917,0.5,0.8333333134651184,0.693251371383667,0.3973732590675354
918,0.5,0.8333333134651184,0.6998223066329956,0.38447725772857666
919,0.5,0.9166666865348816,0.7083341479301453,0.37811747193336487
920,0.5,0.9583333134651184,0.6949793696403503,0.3917982280254364
921,0.3333333432674408,0.8333333134651184,0.6985262632369995,0.38027238845825195
922,0.4583333432674408,0.9583333134651184,0.6957453489303589,0.3686492443084717
923,0.5,0.875,0.6910704374313354,0.3835541903972626
924,0.5,0.8333333134651184,0.6928033232688904,0.384568989276886
925,0.5,0.8333333134651184,0.6956273317337036,0.39615240693092346
926,0.5,0.8333333134651184,0.6920506954193115,0.37210404872894287
927,0.4583333432674408,0.875,0.6954042315483093,0.4091196656227112
928,0.5,0.875,0.6933509707450867,0.3851888179779053
929,0.4166666567325592,0.9166666865348816,0.6972044110298157,0.38401299715042114
930,0.5,0.8333333134651184,0.6934139728546143,0.3878956437110901
931,0.4583333432674408,0.8333333134651184,0.6948719024658203,0.40152496099472046
932,0.5,0.7083333134651184,0.6951557993888855,0.3992730677127838
933,0.5,0.7916666865348816,0.701272189617157,0.4132055938243866
934,0.5,0.875,0.6944063305854797,0.3673747181892395
935,0.5416666865348816,0.8333333134651184,0.6889451146125793,0.3833215832710266
936,0.4583333432674408,0.875,0.6946078538894653,0.40362200140953064
937,0.5,0.9166666865348816,0.7020375728607178,0.3892822265625
938,0.4166666567325592,0.9583333134651184,0.6954704523086548,0.3951728641986847
939,0.5,0.8333333134651184,0.694472074508667,0.39627403020858765
940,0.5833333134651184,0.8333333134651184,0.6936379671096802,0.379485547542572
941,0.4166666567325592,0.8333333134651184,0.6976519823074341,0.3837940990924835
942,0.5,0.9166666865348816,0.691059410572052,0.37567391991615295
943,0.5,0.8333333134651184,0.6920552849769592,0.39217567443847656
944,0.5,0.9583333134651184,0.6975975036621094,0.39228013157844543
945,0.4166666567325592,0.8333333134651184,0.6957609057426453,0.39033910632133484
946,0.5,0.875,0.69893479347229,0.3516341745853424
947,0.5416666865348816,0.8333333134651184,0.6928148865699768,0.3871684670448303
948,0.5,0.8333333134651184,0.6942918300628662,0.40297257900238037
949,0.5416666865348816,0.875,0.6969338655471802,0.37750715017318726
950,0.5,0.875,0.68949955701828,0.3684748709201813
951,0.5,0.875,0.6918712854385376,0.3978104591369629
952,0.4583333432674408,0.9166666865348816,0.6951870322227478,0.3821552097797394
953,0.5416666865348816,0.8333333134651184,0.6917961835861206,0.38221368193626404
954,0.5,0.9166666865348816,0.6960550546646118,0.38208138942718506
955,0.375,0.875,0.6962997913360596,0.3854047954082489
956,0.5,0.875,0.6908779740333557,0.3924047648906708
957,0.5,0.75,0.6966944932937622,0.3998063802719116
958,0.5833333134651184,0.875,0.6944996118545532,0.3782956898212433
959,0.5,0.875,0.6963077187538147,0.36895519495010376
960,0.3333333432674408,0.875,0.6963905692100525,0.395952433347702
961,0.5833333134651184,0.875,0.6917186975479126,0.3989432454109192
962,0.5,0.7916666865348816,0.6930237412452698,0.39063799381256104
963,0.5833333134651184,0.875,0.6910755038261414,0.38228142261505127
964,0.5,0.9166666865348816,0.6957401633262634,0.3737209141254425
965,0.5,0.9166666865348816,0.6938782334327698,0.3820827901363373
966,0.5,0.875,0.6976686716079712,0.3692748546600342
967,0.5,0.8333333134651184,0.6923303604125977,0.3801339268684387
968,0.5,0.8333333134651184,0.6960673928260803,0.38618165254592896
969,0.5,0.875,0.6983142495155334,0.3816322386264801
970,0.5,0.8333333134651184,0.6962305903434753,0.38095951080322266
971,0.5416666865348816,0.9166666865348816,0.692466139793396,0.3844170570373535
972,0.5,0.875,0.6914221048355103,0.4024996757507324
973,0.5,0.9166666865348816,0.6938202977180481,0.3610997498035431
974,0.5833333134651184,0.875,0.6921924948692322,0.3942577838897705
975,0.5,0.75,0.6959172487258911,0.4140869379043579
976,0.4583333432674408,0.875,0.6933975219726562,0.3639725148677826
977,0.5,0.875,0.6932910680770874,0.3728216886520386
978,0.5,0.875,0.6967335939407349,0.40901920199394226
979,0.6666666865348816,0.9166666865348816,0.6924514770507812,0.38118109107017517
980,0.5,0.875,0.6921559572219849,0.33665841817855835
981,0.5,0.8333333134651184,0.7078705430030823,0.3711126744747162
982,0.4583333432674408,0.7916666865348816,0.6977024078369141,0.3959690034389496
983,0.5,0.875,0.6974527835845947,0.3988848328590393
984,0.5416666865348816,0.875,0.6927251219749451,0.38495180010795593
985,0.5,0.9166666865348816,0.6945838928222656,0.4042074382305145
986,0.5416666865348816,0.875,0.6932572722434998,0.39688414335250854
987,0.5416666865348816,0.9166666865348816,0.6916359066963196,0.36674633622169495
988,0.5,0.875,0.694625973701477,0.3623105585575104
989,0.5,0.875,0.689392626285553,0.3652910590171814
990,0.5416666865348816,0.9166666865348816,0.693520724773407,0.37891820073127747
991,0.5,0.7916666865348816,0.7019851207733154,0.4071880877017975
992,0.4583333432674408,0.8333333134651184,0.6941673755645752,0.4151345491409302
993,0.5,0.9166666865348816,0.6960452198982239,0.35108956694602966
994,0.4583333432674408,0.9583333134651184,0.6919198036193848,0.38592907786369324
995,0.5,0.8333333134651184,0.6937583088874817,0.3919515609741211
996,0.5,0.875,0.6952415108680725,0.3878939151763916
997,0.4583333432674408,0.875,0.6936212778091431,0.3703136444091797
998,0.5,0.9583333134651184,0.695744514465332,0.3928806483745575
999,0.5416666865348816,0.8333333134651184,0.6911996603012085,0.38181793689727783
